X,Y,CU
57.23176883133318,141.01461796214988,-0.01311945559623616
-5.427167440213864,141.39233132593088,0.620680066731033
120.29625534769654,241.6977164512835,0.20535314713818906
95.66934113733961,72.11259171097392,0.5559987767274107
267.523718297961,254.6997768794478,0.2558508064962446
323.9353638771702,238.06550112519557,-0.3181308099653807
356.7893273151022,353.4025698885659,-0.0549447233053888
132.82672547099938,139.30032576753607,-0.2853935597708721
75.53951131919983,60.08434933532616,-0.027699092464940178
206.84379548098147,314.87851202084244,0.25876330197506847
174.96722629095865,239.8031157864078,0.37791675228297616
343.95232518678813,361.96378100161803,0.7185836832328518
295.7833406925521,276.28305631586744,0.07845966924076955
299.9048280186295,220.60298718261336,0.15975575510138929
345.4482882070054,304.4311973785545,0.5642653264522038
4.675584216639338,153.50505548847008,0.4187281050950342
147.52988391784544,175.98224154927544,0.056918532179829326
291.73453333986646,213.32278049127876,0.29325313398025
35.722133608554714,123.87602514866663,0.23622239621648158
437.467308333411,358.627309923326,0.10003851260624208
144.63256299594613,213.2401081663403,0.15611387053602915
338.6970738230631,255.376291433702,0.6290690377549477
426.25575073086395,319.33268237437926,0.21699628616966501
254.3162914121833,180.17558249559116,0.4240227636818659
148.89237182680918,251.46964089814807,0.4609568234787483
436.830837722911,295.1823125842736,0.35973535799575057
255.85027593806342,129.42246699918945,0.313137863443282
-3.830971887535592,192.82200341333856,0.3746933559441601
86.76715869791659,103.9168113227487,0.7899493902985062
29.747058147960793,201.60105384716687,0.8692120234718567
76.54322594462326,208.63069718134827,-0.2780723637067978
196.1421412602076,303.46645292584117,0.7289704526571839
406.1086223351441,390.22979577145634,0.14508708662923286
-16.651281634543686,201.90799491344737,0.4447335228288306
116.16911265667122,139.58243807868095,0.6680432066052814
123.4441317610455,44.58138387073211,0.15972862683209643
162.41391994711532,205.57706559522654,0.5276979092141952
135.83323592532054,254.29719075337474,0.507562068547574
320.0907977229242,314.46648499982564,0.0814579781809613
198.28342681691888,262.15179570477704,0.41484073095247787
-2.603960773202124,208.15718483930902,1.0225723818668173
104.74811087485845,155.95788017678063,0.7200625955071395
246.94239459352215,334.1240555201979,0.6051530995392991
-10.41341363000017,137.57052977586483,0.5011050607917388
132.82993797957363,231.57790163062143,0.5422089389274817
432.0883061780607,358.57350288164173,0.6820156655221488
263.85988792799174,335.30424484666196,0.19253989941328994
170.35947206752758,57.74986555037376,-0.0974162133657123
218.18195871897686,255.1464953917308,0.19007799563126176
427.10294908561144,393.5816768340078,0.2627324533007024
374.7891542072304,270.86032461096795,0.3871063521603729
449.7636850301986,295.96529981661934,0.3614407906391844
80.92848661490497,246.2125472283356,-0.05914774398738129
111.35349644744653,86.20201766136933,0.0617273608227293
206.27049214908124,271.9021213711033,0.0018412789716467926
63.723427084146714,77.51366300873255,0.48276440825010036
335.21158806982623,336.3157203196241,0.11895358108839435
296.3789536196964,199.11723551136603,0.21803325016843192
262.6035916638837,277.49139895665235,0.36336742424134716
478.96147557796803,342.5679173595057,0.4805680393176303
426.419433405407,384.1199175065493,0.636605852943004
384.427816329667,263.68106069828065,0.4019363842670344
249.24750331344543,97.97232703008667,-0.004828118256807401
58.87650458613739,229.14706713268214,0.5449662680677994
270.8168091980448,287.4876833546053,0.19112862470107234
344.5810970450608,259.7637803318599,-0.19555387801458082
139.21349501177065,159.862151059835,0.05695876345345503
307.71238255660495,174.22146763725706,-0.12215571523009093
68.30699364062497,189.93609374271006,0.8136147876523985
59.26770045583873,260.9542966938001,0.5626632344000346
120.0635881953762,276.5995853376631,0.010730355075209835
203.78859478826598,250.16390064941106,-0.018390367207827663
310.8355727204344,289.10824207532016,0.22371790815148407
54.97749260153873,118.1919245810615,0.7244367328394132
73.65417160727911,89.7816701186414,0.6938543798455301
394.00345897946494,326.68837294850454,0.7745420811427132
408.1860724461391,284.7196177237043,0.4798295549340566
165.77947388479134,60.96555649879905,-0.10132073929707786
189.43372258356035,244.95383238769963,0.5986520869019716
-19.242693376190335,171.27864941882362,0.39624425125482826
52.120183964571446,160.5561274047656,0.8511752575770912
416.5980270586191,283.9334722139064,0.17403243309616429
268.74155937919454,191.58245800110106,-0.45689774288254303
417.78637904196444,300.993316466957,0.849723483322371
346.95131356604446,375.855163389975,0.2926198361269348
429.9889268634342,292.09237025875365,0.17171534271182787
-48.17455405813658,200.4521091320127,0.8358315217656899
261.4023828411481,339.3976317340384,0.7144957034219868
351.22428120962184,247.38580683835815,0.4351099508829694
419.1939774247632,381.6719491493257,0.5349490879326956
335.75977482702933,344.0103972004263,0.22375128446277767
407.6587856393771,403.5223247572147,0.3231412540052389
382.13661380234566,343.0938670632815,0.6125577653364664
32.56182639103791,231.7371814884079,0.9791324843759538
173.09660159239482,138.77286892256174,0.262570444285928
95.64787828553571,56.43903233870464,0.6141273348493541
117.214555960153,69.20791253175229,0.290519300656345
231.87553338733767,149.21631240477203,0.39571473780930494
407.94353191987875,332.9152308119805,-0.37615966709246884
92.34529578895135,84.92322596592847,1.140426316834566
278.3799411480637,163.18475503859807,0.001193229000704489
426.3942690712952,270.62741706408826,0.2532669084429209
215.5312174597121,233.31482623964595,0.07906297338079987
310.6515734919056,205.3104570403473,0.3446534191613691
56.79004079233474,206.6253776378441,0.18074922547891725
423.1076634545111,288.8243533488452,-0.1521434460928043
402.407040944777,344.9040063816282,0.035710652193263276
332.58263100549607,369.46621261173215,0.1976539008332466
394.12883645536334,283.2290963795149,0.5859673145956443
363.8241480068585,272.92435224713097,0.40350529738775875
303.63789766094385,175.78266277497775,0.4997070007641161
241.47026784209933,195.9074808324929,-0.04201203426520572
269.69781822795517,280.4712081612582,1.065381818369573
105.3355998905399,163.59137454089614,0.1523815544408187
370.20239574371647,386.5504553135569,0.3473383347516146
387.82046735012005,278.5971627812555,0.14226108570007764
440.86253616883755,369.1155368066748,0.23423233149836403
310.2425390848339,184.20597411161663,0.07451187439966185
351.6574723743805,377.66821144048185,0.34390558572751145
367.90385606028775,329.32332868434236,1.2053450467871394
265.6474714390232,291.40696304419833,0.6272348864897906
303.54169735406543,229.8240708721688,0.26302204813013064
-30.992569090891653,187.5741415303517,0.7271017500657958
163.79032965386264,135.98976381439797,-0.10061954193008082
155.49068428165208,246.58379743647964,0.5171479110452317
485.2637101610576,324.23236635231484,0.13619188746180122
353.0500162001389,243.18229010022105,0.6611230878466903
409.07474737377504,399.16247385414863,1.0784241196148625
208.87525852551312,319.5229707937555,0.36513913341618653
109.07254026327037,201.66136718728816,0.3200301297390725
119.62224180959362,104.55292747126208,0.39286437410703373
195.49085735743026,98.44135358136799,0.3357661012562353
266.6118241463213,322.1209684507784,-0.06812362819015484
-10.272144760085,167.44033450307825,0.5337400958489789
336.7598722272507,351.79095244225243,0.19938046338470738
172.13632150995824,173.50393504785723,0.17512680980914014
201.1759040325881,113.85044055490782,0.297014999337759
142.12724115116714,64.13073745633098,-0.02965850826055369
221.28943884014464,284.6651630386257,0.25758089439642406
-34.72967588848129,138.07880650247515,0.17467608478542726
351.40369153115245,263.83520354318716,0.36904050604247024
280.45170131048894,149.8454956863962,0.6676478845092803
-20.200746702670703,148.22832174155505,0.15477245710438833
410.9210143940861,363.2674653332193,0.7551566466500507
482.979896367668,316.29858113925036,0.12380584872592984
360.965353179208,326.2767366880168,-0.20617178487946122
292.3192102252775,221.47540906400647,0.8156139122196823
202.9522401331971,121.98270814575966,0.3091548234409809
466.1576652760704,328.101419249308,0.4345043183007609
294.00073477090206,261.60949587954974,0.3698723585841862
323.0347240437245,365.1953302288097,0.6357805481682001
-23.238575830525463,175.84758281344446,0.34967602182304725
74.43884763301044,80.17654021060098,0.6975012231477064
77.69067948804201,71.51265253733607,0.6004256194078781
100.5637535415438,183.3825156287697,0.15992082096509969
-16.966327952608385,193.34917736282597,0.28039198827659134
345.7959968475938,238.58382221979446,0.11308998749519916
53.54860057107491,240.9293186066596,1.0300128746092714
-42.73079119894717,214.64382170336802,0.5017165353051357
60.666350737552584,70.85084828027836,0.531353469702042
321.42972425408124,344.0579240844459,0.5335575156098248
305.6061082176849,164.2103349419663,0.8977034831160285
97.05465760513897,145.24719272719474,0.8530818417119447
153.67106618905387,223.90444934327033,0.0637264196402799
161.58749765602013,242.01265664365005,-0.5064354543733265
461.16824664763544,353.6372359622942,0.1510061297696323
15.005245564055658,97.95579650862591,0.21937496845272997
289.78451762259624,205.28285987857447,0.35546040760849507
110.85437097022523,274.55310389220745,0.07953595320523309
33.15494459570276,166.27695876227537,0.513238111306427
292.14858905096514,130.79947794174467,0.053101400883834415
170.13597805696838,259.24337581017807,0.6412364317555095
142.9013731430792,248.8271223052033,0.30886543879825323
179.14589259759603,309.5813942854414,-0.3256790844036709
51.76243146925431,153.05529520436397,0.2615571742800684
468.4211078016892,313.9994196867711,0.7076716023011845
363.79379228841594,290.91079290801554,0.5575332400258823
111.48758987269579,159.21391989019298,0.4883304479385798
80.23969259920257,108.3667452718,0.7176870292016583
120.22263701741376,177.36421551123203,1.114173835116284
297.0761519695298,178.23656956735908,-0.08270034244566217
383.03948171355535,267.6437563953709,0.05955798419396599
154.9328212100346,169.07609739099786,0.03917572084104656
99.8136389120478,175.5326246330867,-0.013272715225033954
64.86839456532422,224.91807894972442,0.44546149206103514
133.62466578146066,168.00896087328658,0.5570846592950071
-9.8537304102309,126.7631461479088,0.2589581415820405
124.42583221114556,84.8963408253256,0.397501078677694
325.6427533842017,231.15421842165242,-0.3959864511020717
277.9698131145273,194.14397969273622,0.02213454887535006
55.0669793901289,259.86773817511965,0.28936539543783896
233.25857046073918,131.73690640064567,0.3968197127431268
199.04424427201963,269.4225401541536,0.7758824842544665
278.08767687932783,128.5384571028378,0.5622977666281395
267.5538921554031,129.73616202476973,0.2161112548210548
-17.901505278764787,186.6487382516416,0.5844818580154982
208.69250858260628,293.76779770822327,0.43242702346581563
326.38773536897975,309.852276110478,1.0382371372006356
206.63945680478616,216.08340809818452,0.008856362366174354
-20.617942796231524,226.98712441118562,0.8842973073419311
426.4009225227403,406.8612226251023,0.6627127356111261
380.0210480616078,260.514589620971,0.434006571059175
156.09047754382067,211.77357337988698,0.6399595675516261
268.7839252924252,330.1143949889729,0.3596205999563909
169.66669013041914,251.801605321518,0.3729713528101554
289.31843972872224,280.83513990344477,0.16653000005057494
372.7738585249629,309.9262877706233,0.19337025470694183
391.1547646002683,304.1101462929901,-0.11209819637735302
-30.007291457184053,195.40213365808478,0.43159819102934494
40.11818145110344,169.54944047930948,0.7977117426441217
216.42876391308954,240.64828677397063,0.6145934444996696
105.85967224805826,97.88125766695758,0.200594587771958
74.43636172196618,185.66579833769285,0.6444643249395448
468.8138095151499,334.44424279101565,0.535778831110728
-3.8271643017172523,101.94970194482802,-0.022425820397492663
430.9338725672448,282.2345734058947,0.38827894757178827
21.430321461101208,94.31649903017399,0.9185994122704837
294.0798143779155,135.33026944312223,-0.05944767603579147
245.1631416763198,203.7213279054503,0.40791116455290777
-20.74455548076517,214.2755815786134,0.961796004412358
313.25795111996433,212.56334418434363,-0.010146615315773974
51.66827665320094,69.57618759113872,0.13100583269402222
271.7380777494205,294.8803642053386,0.4953666541815376
40.811721183616946,105.97047714467314,0.9667773102783737
117.76140285105369,219.21544099296167,0.6792819430659891
153.3819174207482,202.57678063606147,-0.03376944017238914
7.808179934280882,176.2429609674369,0.5122907096379574
10.394105340557973,121.4033900527566,0.034883273226208975
108.29349685969837,194.04187339880696,0.2002834657189946
23.505515200405167,132.72038506356085,0.5985633418804982
451.1604287484111,382.4939526607896,0.31456033548790746
117.119371309241,147.01503602181418,0.9330619491341428
321.2604807764745,330.02338109972,0.47669418556666265
16.366076451364606,130.05947329672776,0.8274038862888631
10.168568585754329,103.74399991569415,0.521963932955085
31.719215264482614,151.01295506359105,2.2473885897222754
-48.20255035934446,175.10802297623178,0.105877143517986
104.27325610718015,221.37123811734926,-0.06202082255689659
149.12114044488052,67.50607209629264,0.4655838131151677
387.72104825450805,389.87907046388085,0.5305422864951815
191.7882798830776,203.48573425141288,0.2314714397107664
296.69680726208776,283.7354596775609,0.0869312162376239
361.76089263474677,262.3651838152498,0.03673111962027775
396.6825627551013,271.3056446584496,-0.3440727369200236
332.5109967524629,306.2145000676884,0.34935521382163726
70.4781764435146,212.9621675753877,0.4198742434741446
239.8825786906106,186.51246493639093,0.025115514678997905
420.5442657487028,388.37445121173835,1.1524042087618904
395.56803097427786,392.91220325614415,0.14768848540919474
472.2081308755895,307.86970792751436,0.19185434207113422
70.63204950572064,74.46931297579049,0.7755477077734689
287.02264957687964,260.1206074734234,0.16433546356580464
81.4591011748156,188.81102561686106,0.9073868497921507
446.48675756218285,370.54382458626947,0.4878497716423983
65.51055969242765,159.77420060067305,0.7214820658725942
475.6379319298762,336.06256006276385,0.4008208948741009
340.6565238957092,324.18487807697693,0.6333906877713456
-6.165616788403067,132.38180331061847,0.18571392387302227
39.45841165473615,234.98928576889028,0.7796486169863215
300.3452608808102,192.231133111946,0.006277674756906382
58.02369123718058,221.97304582842136,0.29707682985792505
-7.166283434676296,106.24126175485064,0.7743292779468034
342.6753046847509,346.89374566896583,0.10838391534717863
13.391825536299343,164.37253750045477,1.3776394635197797
411.37896619828496,371.1215116535379,-0.07126128421913877
267.0084264691208,299.1628542451487,0.37500555661300083
395.56462045079616,341.67891885066723,0.25693543315837497
53.81242709898404,176.1377968643176,0.31351546492327514
277.4544789082871,297.9795207589545,0.29713435362122675
202.2686052568679,298.8314956596188,0.3475961803169404
51.539756642687735,254.64113044736374,0.01776861781967015
451.36383464094894,300.592285243509,0.5460397880204797
351.5180800770474,284.7146148915669,0.41196261987021626
287.46151743363185,149.08824286947956,0.31225022215850123
236.5519597642775,203.3235538350723,-0.07412585866797614
351.2263816579065,359.32236466070924,0.627148869976526
12.013936169301525,242.19310042540602,1.0183905269564208
376.05169643864366,347.62713411047054,0.9732781221710951
331.88508889723335,235.52640505914934,0.12512224973801891
55.97954307023441,198.8714180821197,0.8135648081125831
435.5735280233807,401.92047924432666,0.44712986684417544
75.2048302781603,193.11569902821665,0.8169875615443357
468.3025271515546,362.36792050698546,0.8433584133515728
399.2786885101393,386.9980688807458,-0.2595467501959141
370.8811939037827,302.1745136258866,0.7716210704817532
82.84504195110202,203.96632885783725,0.624843173785836
146.01314968733422,138.02984614783625,0.4855282754293879
440.3409332421587,326.07161416570784,0.338454091695917
147.20858922321125,47.40778770086092,-0.1771384816468367
246.65232921661809,222.61945205166904,-0.13333880793314556
164.77532529244374,295.20753535069446,0.4040771601584144
282.94710913145394,211.4264846874277,-0.12734876488877273
177.2631124896063,157.5848511505984,0.2736490686287689
8.711728992930297,87.39236023414273,0.40319000920743114
440.7225075570549,378.3461103670599,0.5999988824558428
3.57090921464891,203.56808067785227,0.6324289341265479
417.0342947842049,308.75785323953255,0.6879759041693925
420.3647821095986,324.0814654724609,0.6504841142865982
28.225570857915674,185.93660039830894,1.1583880451828392
186.4587809912515,167.12258217098423,0.4424526791436341
298.6536709259292,184.3326458653841,0.3250369642968597
39.09401986770684,227.47596671117523,0.7892127667136917
65.72657623968598,232.55131071352955,0.2952311556841581
278.8530451501082,305.47661543675827,0.436612790093861
-8.802525708583868,212.41646461137913,0.6955298791251145
79.05403568806473,231.3968315011548,0.5546921128224424
103.01038551411759,140.3207945795217,0.5060598852888336
452.10858726545985,345.38862911537933,0.8505522103957142
246.3766308175421,103.89351089853756,0.188753071448645
397.82487536410133,364.6178324609212,0.08632317459379506
423.13970717421637,282.56506959466566,0.4590801766461572
415.4583387078228,343.76871450170773,0.4986669922483024
-42.550143425496515,154.30750041798876,0.2668195633599649
418.32382813564027,407.9471590259846,0.7520440508360074
443.11694128706233,291.01190376844676,0.2529947593294796
261.9687772505181,270.35265596740186,0.23998576820638057
-48.594775576172935,185.06192175731087,0.2896596670998247
34.36452168612405,181.29500382204,0.38910497202397465
367.27906522559033,321.5744945232348,-0.03622433028205452
141.0996271362662,57.76581157535078,0.7492939853868298
354.07879909519664,374.13572542294395,0.6505335680039989
67.47477135534014,245.09349772176333,0.05439891206799097
84.4774541093723,68.62846383368884,0.8699266148828887
170.63685901623487,207.5504794067779,0.5550157722298675
37.343041902276696,248.84534635703488,0.8518872832197388
267.4235103522051,307.3260576944914,0.282797695807692
336.64593663886063,246.30729463002945,0.3206774250919455
45.09228664348913,222.98877275901143,0.23125458851246763
315.1471283597459,204.24176983238118,0.42581914423194833
327.32316393370473,304.3787218661369,-0.08487720852021968
210.0108589101112,245.45398019426796,0.6883410819867034
50.445975745786704,210.85063047934005,0.056342641487436174
329.39712610288086,342.4808820067491,0.30267501466755725
300.1572739794011,312.91525061687935,0.6052541943969517
232.9490583764131,107.82458961759424,0.4622809270773416
193.3608007650676,281.44940937284196,0.6896367529135703
185.962171355128,215.4693032406135,0.2821073859655787
389.8530997853518,288.30502845093366,0.5462364508126906
389.06902798749115,272.57513312795464,-0.16181721176825944
27.021572786798384,105.47611770307313,0.5905207004483807
276.1547981413833,283.2561914085363,0.5457657080857441
47.54780286218587,107.46839919784988,0.7743578491358332
357.78281727130866,368.20910437856924,0.34466867997526945
384.27419818270914,358.61396021008295,0.5207895975540111
-30.668396847191797,164.9887111287899,0.5671796811496119
77.3089906871704,216.22521744061558,0.21115556749112002
436.44853845972574,293.47471301718036,-0.0191159182367861
120.10537942311144,112.42513078379147,-0.015299664095914794
30.389372610634148,209.15783156824224,0.9339054853987988
-48.31829974732516,195.3451122863508,-0.03540039090985808
432.6798850565807,275.2311636557453,0.09107525579632049
77.77799802075432,150.83098559516628,0.5882980103881393
203.5680225395388,318.31612765574044,0.32971472658098433
155.3979927178052,64.35159214430874,0.33439685194553054
57.05190027457655,79.47675385595103,0.3102717829491316
135.45185941629876,280.50350567928814,0.594525544955133
263.9931438822494,284.3722652389272,0.3442282058714936
110.26436185845726,268.8318211779959,0.26922926821600035
327.40529876622617,324.9884336532059,1.2509564107027882
5.0523530838897726,147.07072918649638,0.46049325669140406
145.38708830370828,145.55215950155784,-0.05709610888258725
-8.13155854872006,154.2159128096594,0.6228353891040369
222.0736001399066,291.99532900536275,0.7594648836633815
105.66606944938984,60.02157786872683,0.7921557042350973
-44.9762087305322,149.72967350485854,0.5507085667047648
299.654605508724,161.40339144833305,0.33102744069733064
90.17018824649219,142.09227111493033,0.8380521519994991
444.51489954128647,300.244977726159,0.26529303112681935
97.64777424714505,152.72650450424425,1.0758488073517796
202.6540118928046,242.78902460564103,0.5595561711974436
290.209123145554,172.64386394679573,0.14026058900252736
75.94019513251406,200.87805891377968,0.9092005892886634
384.52164024542833,365.86305629004136,0.54079852249338
105.01014664478129,272.38197422264795,0.46989473022687517
413.99800664000276,328.41416744485144,0.2405241140603059
259.41544265430775,189.511010554096,-0.14645269745704453
271.8788913607624,221.0376876484384,-0.10717036045451195
146.5128585437556,199.40565664572486,0.27280516343089534
91.94376220915632,230.3474485744663,-0.140130179636788
121.86433910865293,192.0571218796759,0.21296528722509134
419.4157747867663,316.5763685417831,-0.04053183129317384
74.60586318502305,244.27952725851142,-0.6929665194019885
96.72954789645192,210.47754762324467,0.17538222457741054
417.8997929694103,366.6590909303168,-0.32703955787736716
457.4866806719802,306.98668555754864,0.2168477420261676
184.66732232154072,264.2161876307749,0.41425749444578697
192.1941298393065,210.89765278404263,0.06302848703362326
295.9533594617585,140.32127576226532,-0.29209999936553277
123.22216333684675,142.56011538615306,0.2572412429385764
458.1127339595908,375.158827189631,-0.05103662669654155
314.861923411727,262.030443891102,0.39737081713896644
65.91606585846812,151.2382642058584,0.8808970618664209
453.6590506667751,371.63483574694277,0.3756082113157142
41.80375636641682,119.45614324339807,0.4656761940811023
280.1799133241283,319.5326765680701,0.635589256170514
194.4214321757962,288.8951546431003,0.7458669034639495
296.8900900341184,154.36199527200463,0.06008620980899694
37.99975209324633,219.6976746047521,0.8449429849518063
-12.113057239165206,174.17580584741916,1.5523401668372483
461.1060518748837,334.08374856705126,0.2780601354182835
411.4265940918176,305.60890810229375,0.6115583230102054
273.2096072094261,317.47420475882717,0.5710810535969054
413.36015704768073,320.7754162757142,0.6736633450673083
298.0551895791591,145.00816180619006,0.6222600651196757
24.94379743693243,148.07864772803475,1.0467336693716711
231.0959604669861,181.99648242991486,0.580695992209509
244.8232254792233,92.34661278051071,0.3147076111907722
333.4593906181527,364.79606476444053,-0.14649174610339072
327.61019607350534,361.79129848846424,0.35765483461299774
443.84927083759186,298.27425554051683,0.6175435214221426
122.96889406542495,249.4490280408043,-0.04943589967769646
224.3249185203344,119.472391731988,0.32190079036787456
154.3785032879747,238.96670559660268,0.3623014967790652
186.2470575273397,278.9417997197253,0.6803663827037688
53.00387019281079,233.87008470950198,0.2189751195082293
74.25896819502061,112.79656105391061,0.6594140957800091
63.742412856013054,249.88876163143328,0.21282114474087774
293.94065967877697,147.34708654220694,-0.023007942778221463
274.3998423069327,268.695336783267,0.2914550696223271
117.57143460460428,81.8130377729398,0.40102178394103727
28.833860009016078,120.69934357728364,0.4963945586318117
206.86995836125868,279.39383132413303,0.20007451025230746
341.4974717305772,332.0102549826131,0.36483346300087727
210.26112036984415,189.41201867916377,0.568756467831167
437.1364195538642,309.75761851466336,0.3348819017239211
113.62208118440176,181.78166362350296,-0.1664570476787938
8.432647524549878,115.54324888911212,0.48634997366440513
379.56191413120155,312.6150771688934,0.5176329962850751
7.396498349385375,240.0224892746022,0.9393962164022257
197.49400883700307,254.87199024828737,0.1168266889293573
275.9635166787317,257.2905391073393,0.4212907779536942
49.7613226862476,203.36393020150751,0.7071474531768301
421.64722897061586,338.9969398398427,0.3595194627151661
52.97783630402541,168.42843906023185,1.2505062097310848
174.2001402602554,232.4160624371315,0.5914267096630684
-9.26884733648033,205.1007672819729,0.8642517988241368
329.1944850256593,340.7971555511875,0.2957201192326747
158.24446688024935,141.95629210063902,0.07129211299492848
158.48648782915745,187.27451579154587,0.21300641402790613
40.51121800393141,99.7448297558094,0.259648781599111
101.35259952844196,190.76576474671728,0.5400021112884824
235.37171717747364,144.27627797976646,-0.17538926644035563
18.281952434876054,83.25921806052624,0.27793674690022996
430.59192512900273,357.34663762669857,-0.006834763891756149
359.2198161926064,368.710863594251,0.06095766936716551
51.92989116479738,226.02543076160654,0.1343019368607286
328.3727518745368,332.97733631930464,0.6262263206284694
193.87251993107728,225.16480348808875,0.0041222309626696985
270.6848200239831,115.99317477123004,-0.09289813850756451
480.57873286758127,329.7969703856392,0.41529704062387096
182.2918718791558,97.06746272000697,0.24770134103710412
337.08042278643035,371.6208411834626,0.4072614418509253
412.32733257183935,378.3561170972497,0.8337930041710746
211.49109807601977,259.8582808760754,0.049540045643531906
85.4889227770133,266.3199417331666,0.6495752241267828
396.20752558079465,349.26693106495895,0.36246358501982706
42.20233526082386,192.62178835238137,1.2690819220685996
378.7982107089427,377.5449804673473,0.5443435792857552
377.2362514406458,297.3702027974735,0.18857662516021945
195.1472109844398,296.14472989022227,-0.16953711536887206
374.61437178755585,256.9796744822041,-0.2010377336513765
112.1991898072733,166.78142338824398,0.041669860040826484
434.6353435702753,286.38130462563475,0.269005987028037
70.16765428836685,262.70680181621543,0.8339024032580902
88.99557933032804,199.66099483560018,0.6568487809994631
182.92603874452945,106.69063474767356,0.21610398899505567
306.5469918417367,169.25969194766998,0.5110433985977854
175.4981057124278,191.95581220119857,0.5661914737692715
17.20013313060165,122.80830437425074,0.5394825631871242
31.332111901359934,97.02151698046193,0.9519848589776374
423.5821869432416,369.5295226581927,0.7951140336780478
369.77030810003805,344.5735713226928,0.12020246128303325
178.8814946378712,167.69620189656794,0.3484483257807173
305.72248156007987,352.28220554704393,1.176099663475631
79.28534587305283,166.06491763445197,0.51662118005385
36.3722485568028,204.31261498683156,0.4182192593033381
-27.6389390573303,210.84733346121146,0.5443083197383455
115.63996340303719,131.89389840187738,0.2479363098834653
63.32455713258742,136.79556365682603,0.05107787507679551
89.43486608904851,134.46554736686386,0.5506053138268366
335.9852363911329,232.11204131450202,0.1813560987591391
44.18392132956904,252.14284421040963,0.624098890637892
441.35124677315645,333.6477387684409,0.22271433372252886
465.12651275468204,366.39754017846946,0.16913598302096966
431.5045407390056,270.74451115819005,0.42399433663280045
152.59683943745148,284.10288225329185,0.974453527588805
283.670014677068,178.76429591495804,-0.4379587838471211
132.1766581483635,224.3295778147144,0.5118654667024807
200.74349429820515,284.0287884654879,0.9760163135764225
212.32037079993304,267.34768499679217,-0.11861559559345186
410.0359744625494,355.55314049322425,0.7797355031875345
189.0304412544825,300.9179571257799,0.6834923827264106
164.43295646035872,263.5815937557229,0.41338576470746147
449.9527496272633,377.8415112966059,0.3461441225865145
175.2231417752421,148.2077788842238,-0.26123777557628036
343.0037628667869,250.40330091690095,0.061247884585978796
262.64552724296874,115.83298629135983,0.6304616432309571
114.60111168234792,124.07012400163663,0.942035784429406
85.03927709964466,161.11865171981626,0.408222714744574
455.0449903226643,340.2045709984461,0.7220271718737797
8.38879011237233,184.10313696329763,0.32157834526901635
250.79387876610457,109.98478529258577,0.6461235208600259
393.6501688122872,397.0770970783699,1.0052840508911083
0.9540218364007244,172.92048958192484,1.2147988033308457
-25.18084501556406,224.73970800240167,1.028475722852042
198.7768591822443,311.85069730017244,0.47968605198052333
255.11396267373294,116.22285376335383,0.3898164163517513
151.7676000325101,159.09484617167814,0.08490984764376687
308.03178786723805,331.228970213111,0.8089486124962728
118.48827617683168,161.47877685703745,0.6233130765856085
287.6423962858818,196.47725579218877,-0.05194829001315465
424.0206006323088,296.51583648025576,-0.21933117220742582
40.311486765960396,255.35653135987428,0.2032351092289572
125.66765401653188,173.0199991180594,0.5363156649270848
256.83639593761706,97.36074490329467,0.28257628831467596
185.38951673586263,271.57905931801855,-0.37585098068894857
139.77442057248797,142.4536635104602,0.5308903699219449
56.36712012286519,67.7067978768225,0.6246163182773574
291.6156305104134,140.15961930582074,0.4032200094245734
312.71944385248065,228.47130513229504,-0.05847911858918678
62.57916982074434,129.13439182498226,0.7099266554224595
207.95162822263782,167.14408894929682,-0.12785314244572818
-10.239004277564103,197.25648417877028,0.35935010792975886
436.2351658030372,373.4708080858322,0.9609331149335136
171.83801156784318,267.17610979666784,0.3651312061488008
323.2640021266326,352.5095724717782,0.7611143542933403
17.020128479685013,137.71363486065948,0.39620223133048327
284.6531921906649,142.05436653794516,-0.21285761641572873
26.089335787563172,248.7940518916444,0.6786285269855825
221.6552349645228,99.4024673040217,0.496876317361838
351.07684344729745,365.15026515340367,0.37393500917140426
357.15474082433195,267.4335764095085,0.30276516159967826
-37.4932854506081,140.8621198181686,0.20056429190914463
32.321145745525385,158.59921372813275,0.11098871234869406
213.0117284903024,211.46117722796595,0.3395722753998378
224.10974561009843,108.37614312043554,0.2708016937651511
334.5271981665231,364.2283014197727,0.5925324377027281
424.5000925849328,304.23102207729863,0.6180221231375531
421.38012895255383,271.07998733843465,0.000303033297386901
28.977244029776376,92.27818336664582,0.3213599420965913
38.750325189933406,93.60283048493089,0.5260583487061873
262.80889515291364,238.22538272617575,0.5393505262781377
228.52979405014642,125.88310830384516,-0.002017508422661844
191.1533499155824,259.4934291928508,-0.0755030539230119
-1.6334830052724492,136.29387031319013,0.32839575791886505
290.22669350450013,156.02590557619376,0.33219440065596273
199.62142513285374,213.50112492085768,0.5011305496990324
113.69295267088143,44.37598554093902,0.7016464476711558
315.45123582240416,269.4879957119565,0.05748186440240209
322.7076850719354,345.1140761913836,0.1881255959490253
449.37795436130716,335.6856909679948,0.66002549094566
85.67992836057182,234.64919829801192,0.2902930480955864
234.0607708904399,196.27224347006242,-0.23271675531428324
263.47958631638846,209.64349017491773,-0.11376753008350117
122.54377177289028,257.4697469829494,0.25568891836430463
307.7201516129643,259.41032966504457,0.5211669163593896
116.12165543242786,204.48193814228358,0.5750159678012496
228.18083666692434,113.83145269600283,0.051840985076494886
93.0283068474531,172.3249907865454,1.1287183790048656
184.35843172302333,200.78800305610156,0.7366037501197058
147.81603642728714,228.33149986346407,0.8555932046336366
37.88924958936819,146.60964636939244,0.847056542444076
93.84275978517844,179.86183189172323,0.33936304379957316
389.2069672256481,346.253334549481,0.10741286765710553
167.10429151005872,229.6125743452522,-0.15207462529492974
130.58124244520894,217.13639105497143,0.4968845061580267
-43.76932267509681,199.54308124584765,0.6878638901115355
391.477095679649,268.64344867243835,-0.07173447785159508
107.59156828930362,186.1027789779344,0.005496682790809837
433.5583050868417,322.7193607796602,0.9314141957619579
123.46710790152935,41.10562107972569,0.0037678788159098975
437.65650639089876,303.15923814950696,0.6388436509359638
102.78336193930136,206.08021764867726,0.42826303349220723
151.03744037872502,49.47229298764995,0.8818854921746021
144.32049338981835,86.7788707954677,0.5203519038282468
61.37616152224226,186.69443298313692,0.7779251610231821
55.6674637873698,125.89857860098134,0.8285461613345665
-4.208117492318561,229.35312445897242,1.9199539357238642
123.93046882870445,150.24100397142618,0.22792169990257738
49.60817307435077,130.21121264270036,0.4412306976802395
24.23964681757067,213.12055355898298,1.1722209305413755
213.48074316434116,317.3132321179884,0.800788692312731
158.93558729632858,274.6256805284446,0.5576361315425286
127.38148771194001,243.68707241006956,-0.15212367685894604
72.05792070441612,146.96132947032865,-0.07407480320232372
98.16930116524257,79.13521292374166,0.9000711238788267
198.14348488688165,142.5734514190279,0.3535217438550023
193.2503235678555,218.1547675454813,0.0030022973841952044
193.72628370755461,314.87055056413135,0.3121012569824401
427.976144953022,383.6186054634239,0.13804176736498405
198.8181377379726,206.16511152002627,0.2778226255095399
62.8262699316212,202.1497898403751,0.48198407606382476
309.59090610656654,346.2604022622184,0.7457383106418848
6.772414325880362,96.72782014808031,0.42516713051954236
32.74412419591028,103.0463958548171,0.7745123338808526
182.9781831928233,194.52345372874552,0.8302051842713586
128.63017416119476,195.36273027331094,-0.2481229808902854
292.8931950536089,310.55940952675985,0.05582905618134794
187.04990250716492,125.43792760231553,0.138088812167817
176.77823156570926,254.48535888087116,0.13267281190542288
302.61276841412695,343.13926802721943,0.6935500332958022
344.89054802586486,243.2451987910768,0.686277351380658
148.8517601509244,60.77026280997805,0.3507808462803551
4.8727804278198,110.52498856808656,0.8428844903883098
112.90764612140349,174.2234334126707,0.46818400825774453
18.74720677619718,151.92310641353978,0.6826571227694618
15.228155670710928,187.20244118512866,0.738419051868565
-1.7642834016752236,235.77680132645258,0.45431412400594395
160.52603849103116,196.00725004995746,0.19745543921571404
412.91030772495066,393.2139614724117,0.41107956613108165
18.16407324142843,145.0910562695856,0.10049594573904096
217.6837577497584,311.21690641811665,0.4923144627796271
173.34427194587107,225.11625802377284,0.32620750950555844
105.15636105694404,228.75193433955266,-0.2069877264104267
381.2586930824418,274.896689572709,-0.07943430602564856
163.42314790780023,284.66803448113563,0.14838701690835032
272.9321143872487,177.33163099895287,0.3741112407914809
206.33569167897423,152.469516722724,0.3820865612832629
69.66146046601675,205.33115612520777,0.5650904385274576
124.0514812924335,214.45368872219285,0.6472065282047734
142.07745417071757,225.10071254615815,0.576585401923886
188.46660493277977,173.95354831209613,0.5692086578693869
9.066162948951483,191.3068591115014,1.241658110197936
42.87663340452644,200.07395216661334,0.317742286740125
258.3044939145424,109.76501304506282,-0.015695518531440536
251.86784649481194,336.03551895014715,0.811143433116726
350.0085079104262,241.4000103897378,-0.32948783315632746
2.60115570997424,237.78703024453455,0.3830840279370389
152.00895955295988,217.43933494111556,0.4845907369206687
186.7994120025676,115.30812779169908,0.0760668225833196
63.946274328645835,144.2839363453582,0.03703351322410392
35.230485757227015,189.24273810267002,1.0215826573159486
277.0104118068645,246.86089581159118,-0.04996062113921465
272.8556786537603,309.62090773364724,0.448590830718084
30.955713647775465,143.5126051756391,0.6948021522905832
299.8469989002786,354.6338007939173,0.6070699001942081
177.52722293347773,261.65900926819836,0.48944159158539613
441.2936577098865,347.9142814184972,0.3694840012233644
38.62507385419966,154.26789437978738,1.3065449330431447
261.89008788644276,102.62752561186666,0.052716001083245215
110.24042113542798,144.08044652874574,0.43381768631782824
24.1274325814301,140.71803915572832,1.2240979082323695
164.70457661220485,214.91670480376766,0.1642758778358479
109.44611222966185,253.4863044404142,0.1965910621398375
401.0435172875284,273.77207190996813,0.10131827754356962
37.16845742853413,138.93539714386898,0.32692411505315494
98.10702601362347,225.79630676774275,-0.2614999177459747
331.61450158413453,298.2992590595883,0.46550110110501597
338.631889260515,359.2350647578044,0.6490467211706842
427.22642959993095,334.724801407463,-0.05234337341774649
377.6809807215363,362.7006149578506,1.1067515662405665
167.90408316563793,237.06159455073174,0.5669016991849295
279.15284832456075,312.55444603729705,0.38959902344320296
403.25728169922996,352.35799350692054,0.033857225691869886
264.736402178315,173.94249921880274,-0.7477918835091091
150.5216757420681,266.16889683676334,0.6601204754370724
115.70917541201831,263.0942375831906,0.3276436329587408
37.309125793896904,75.49921034050304,0.2835726941666026
191.86042370422163,266.87259187603007,0.18191534254907615
415.96416395347484,402.6411711514362,0.8074291963734679
-27.75004310285611,136.74036406961378,0.4921762624080491
370.599022848918,254.369527874983,-0.2799040154997766
189.30591842634757,313.41517389253636,0.14224579995404468
290.79086013543736,237.0493739386473,0.19314101109764603
349.7815109689524,271.76024057390794,-0.4723622078595919
-18.0408291139072,118.4485877865213,0.262868478823141
-29.83861314612181,179.0382444929765,0.3319801643077057
150.4067510777559,288.44406983695256,0.9613955797520826
33.788707781945654,173.99748213844248,0.24382189693670936
304.3773464508902,356.58037182658364,0.9491644660722439
365.3414132449315,384.4612883117833,0.8481018368535913
70.72728275329837,61.95044449959711,0.17257510997330616
154.19133522880512,292.01319557707484,0.22999486169324754
262.8295959650161,219.35222230766357,0.47396090612256236
104.27051273948317,75.50115248485422,0.4991538532181931
218.12906765097776,323.46437997915183,-0.1290549725131151
417.75937478388875,276.19012456284287,-0.27264195686269027
449.9913218623534,358.1626113930704,0.6278966494366757
117.13665589184177,74.63151639013385,0.4713674585082755
132.06050492740107,95.90086355872354,0.3460809674417952
-3.266563009244887,108.37971855533577,0.37266690682162673
151.29613200660233,193.00856749044638,0.4204544808091016
-0.6898317168491322,158.64298392220604,0.19541060274887678
112.31762977212901,231.27407398927906,0.06592480970232016
60.47769879636335,235.9471925532519,0.316262545647091
44.731303023062964,257.4252127099511,0.7119771838358246
434.3331232132068,330.1816596461646,0.2138523194166641
443.40372310992075,355.5664785580119,0.8585920827677304
315.6891907199196,341.7518189839019,1.422665853001006
-36.62138516716897,200.40800152286914,0.8784540115556316
303.68124442504785,207.26521643748316,0.30841926637449013
-24.450001967248525,183.48214149333768,0.5133873552689691
215.66919370135338,296.9610524760577,0.5072561936319608
283.3703536837427,219.90398945849122,0.38604732788754326
311.92524135011143,355.45717527804726,0.45765174040490736
49.61268255568087,259.073503326014,0.4856360909809413
375.14145098238566,332.3783406428725,0.32738189249138444
339.6442173034841,308.99835995760844,0.31630429129346227
13.726734301758306,229.96058341947793,0.4177673393976257
167.44106385579713,189.57554885057522,0.9778700726083275
-37.893634381273834,148.3602788056102,0.5293859457258878
318.39660333004565,299.8094977628832,0.16354753250762288
188.53060099692553,92.64364534782001,-0.05978902485371207
55.355638538093025,248.41598938422564,-0.07581761191931144
244.57635443193655,177.28112338980196,0.02300784837818784
-34.383234866979194,220.32539605627915,0.1474087280159135
116.70158533858253,212.82007255556718,0.42314949657659395
361.9542481247391,248.74284789718294,-0.15401817088524414
53.7320328105135,73.74189618037794,0.5229331308503463
157.12369960255697,178.19795744248046,0.5606712441643747
226.9017856832947,133.45304653048362,0.4249990173457032
79.58396822395636,100.64964773840218,0.448310499959499
412.5462357504063,406.1706316958941,0.7242144960808863
76.43015089350867,135.82263488604008,0.21959768760889492
16.589983712535386,202.77657118213887,0.1349049761447087
-6.970491243438764,220.39971774494433,0.25563678016647384
217.15583665859765,247.96099912268133,0.23517083093825267
293.59451389773966,254.30139932810826,-0.0819017915228673
179.1911946154161,276.48325661075444,0.495521191705948
370.8314128311812,294.27889757882883,0.2770010110171622
102.52977353191137,132.8134542993639,0.9560581807341191
-32.76837886647489,142.6812164835479,0.840745933640403
-12.991088119609062,119.7845776735784,0.1303928180739023
101.43300398230073,259.0207833275985,-0.3023467608086602
169.28090693387358,289.88975073965145,0.4082262992941168
406.4431943150262,317.58996355611345,0.34757228067110774
365.72566647136665,307.2726759276416,0.32941170752634674
127.21785009118535,188.31899881221798,0.38014915146704914
302.18482520241696,253.37236908517303,-0.12821486318558367
438.5311884697018,282.2079852308145,0.14518803612081566
354.9887850930487,330.4898122532435,-0.12486079607426738
109.77954409933834,209.1754977737875,0.33093951051701814
148.8233245223611,236.9042261689481,0.06642136377233486
188.06828646053134,293.52323301380653,0.5887928934750997
347.5398305366348,327.41200883994054,0.45715275900204266
28.779859802761734,237.30725133085795,0.4632860292956801
42.68662178997721,127.07600785610612,0.3525272432338251
133.51909407540927,183.75807424579537,0.3246697327585087
-6.905791296653873,161.8366775456255,0.8098916430561356
281.804571531304,135.04968146604043,0.015167502893253942
120.5704983312151,185.10158213958445,0.4084495624137595
431.4290324184527,307.27469035657685,0.31307192366696335
148.97808772975608,183.82691519593064,0.3848401221956079
286.29658895429515,125.55892541594015,0.25416267424547234
251.8112806885544,330.643369419309,0.36450649318683076
17.99170583003119,217.81185004631257,0.8933116070130707
125.10308583192574,278.410609913401,0.9831227166187689
432.9738243138508,378.732022670148,0.011867059182358024
428.79224853197434,350.03903440602284,0.47144293461188047
204.69833857103893,137.96553064201865,0.6846947966994639
368.7902172135871,336.8301864894785,0.2218297910444199
99.62186632978533,102.47203421864786,0.6997289465204661
94.3857416712496,257.14665451632266,0.6697153111664984
340.3314214204213,234.8651623354282,0.2166615246638578
483.6160530788813,337.1711529817143,1.1908976253709471
123.34089315767407,207.0528546050519,0.9437612944101345
370.0210260609449,259.7964568549082,0.050038881079340014
59.28739199175715,163.94293700580036,0.9926596852795682
96.39146366230008,137.725542229508,0.49424954081536515
195.1849593377734,127.15568843466355,0.32630120307418853
326.5608857178709,317.88954531232196,0.518195691587384
397.3316974901923,299.1059311919204,-0.021376008751341324
177.5105739640199,204.62030633646202,0.14464951557946137
47.013596508216445,172.7701329790736,1.3244055687209586
198.08053274636626,198.81844218161763,0.6248228039245137
350.6243912248032,357.8907757654155,0.22948894810234172
186.65618629051218,222.95854888652588,0.3049452787424153
454.8109559611196,378.8172769841712,0.34238282660472324
320.5756514566537,225.72711791190483,-0.08773534157124535
102.79041231543437,53.44528243650399,0.7080217575869394
125.37600074270289,165.2687631039787,1.089017150034806
54.38720954228875,183.64287406699867,0.9885519534475605
77.92697251252964,224.06576529213933,0.21175935050607936
447.32812133061697,387.684540824538,-0.07063588654415356
208.9196421044883,301.4574803843142,0.22821202155742765
364.80783949192727,371.074277123212,0.42746328136271544
427.87793474188373,320.18226771797356,0.725332647232948
-11.249043917010688,110.61759077727687,-0.21059398628682235
94.65038854747081,51.77797076040819,0.9754004000673038
88.70153303384852,59.23260773453255,0.8456012106625658
265.9820879234568,109.17009273550977,0.015558139601469484
25.9531478390427,228.66689453657253,0.9204115795984867
118.63054345593547,42.371400482674865,0.5908934465492275
308.9653043991354,179.16849349432394,0.2630370169889281
98.73029894652642,62.98474634283781,1.051567611026433
75.79770892848055,127.89464457941608,1.0284207768054547
203.14599405807388,306.36666435409694,-0.23974741842080316
414.76873833159993,335.95823850961455,0.5868157566654486
106.0441875194437,171.16873084684767,-0.02027743901274287
201.48979273182806,105.41102622010989,0.09706884290433848
9.795593718686753,236.1191156127973,0.7403090761698661
114.33152969522092,189.76456784197399,-0.008922236562501608
174.8501486999131,295.2726400090519,0.5030949738366585
107.40144836635422,113.47934938300838,0.4153953564466272
306.48460273358353,214.34954191570662,0.11749307232965751
187.38355234003012,286.14044333502585,1.5275440302534156
99.01143157604594,233.27731065425144,0.4104222591643423
-14.74210609889349,114.66435466823259,0.009440365020701426
158.48740576534453,57.74876102449544,0.3157306947184276
114.24500066566634,243.43438495841738,0.06106188588607364
16.482997513998928,116.2787796345611,0.5243518995289751
370.4809084517725,359.3870961408847,0.8858156007629852
425.32221326831836,370.19680833145355,0.29954641261097315
166.25842595440426,222.58580666207183,0.21407182306066924
449.61668237356787,308.1777652570123,0.6052158834809693
61.81419698283831,121.57148450115339,0.44401424684168606
402.71077416654896,401.47943180168295,0.5455323231848035
25.037746373253665,220.88086268780248,1.0858514390664973
205.38389139362204,264.63443182868025,0.09720375652651994
410.01196410645923,290.44483358530823,0.5735910146293169
251.63830248443045,197.43589895751438,-0.3434182921400376
2.647662762449511,232.49927482738835,1.2537720308824178
179.35122863316647,212.81374895458802,0.5026860579790691
15.98220582663539,195.20943851708594,1.1015859118388382
386.31868827226054,315.9492861165807,0.2187039284541199
72.78936288913734,97.43917881046357,1.0895479482957635
421.0381998065088,331.5023061990027,0.6378018567760354
-34.21105641032135,155.01691463163525,0.5205324752418007
58.08737795845851,148.9278156660066,0.3448963081509379
92.31883870426765,164.71631147683917,0.2402617054104105
356.0104050508046,380.05930458614597,0.9377400773604991
345.0899082546674,266.77052170688006,-0.07458705183962
138.1937395459577,91.41373941513729,0.5618157405435182
91.95139533395349,66.18314772646453,0.5688936978170075
412.71478761056477,313.0928553382159,-0.10184791063534732
143.0404178735024,71.58305217147158,0.7736670655956428
48.44093302769952,188.06262464579865,0.5071302031899575
129.42586643859423,260.0209269642914,0.09954366260813408
60.19716831640678,86.02108527349941,-0.3787663159591906
295.5980388334542,245.4016289923227,0.10949914855742639
46.45873047411596,238.24205067194916,0.5791284561434387
44.31098013375137,215.27510850066056,0.44608958647371244
188.4807600822591,237.6658541280665,0.5648301262508836
95.29608167194559,195.3077142900284,0.8201174020844489
58.89140606820038,256.233771878418,0.3190295302683954
29.104632088947408,193.5347049621152,0.5811960471211569
-47.12119326642003,154.12647838156786,-0.017326767822303968
112.78375672222897,101.4849462922296,0.615895160285182
99.80108909172841,240.31794772316027,0.5154491693217428
-0.10070281843058587,223.84104336042776,1.4054605957402375
110.86881602605081,151.3417592453363,0.2679783308915582
345.28418833716876,362.7762571446984,0.010347087336710845
13.56464349212076,85.01902688946807,0.4730410642661734
355.4628891463758,338.1200121082459,0.27649681756399935
311.0795579957029,189.11932417764692,-0.07011071355071094
12.014527943586947,149.93728455518405,0.4755236091254157
180.81054783525335,86.27046690713487,0.11219728408492727
472.35237031481097,329.1945842324502,0.8006207840511467
404.32834922717126,367.6249012034263,0.747722872639264
456.7934017980501,297.01272101670116,0.7603445480669104
249.49389227548767,211.0127855625712,0.3905255627559855
-23.55803002653958,219.84008287140378,0.7063198145040345
2.8873377831796545,196.1130818396011,0.8621429574202208
-43.98405160137032,184.569036337112,0.04876331622566549
218.88006011836654,262.5539687437536,0.30857151705254227
430.74796368684224,299.67469351375513,0.3462834097371038
276.9523070291931,290.98526614854126,0.2411492249440239
121.76706835189904,127.52943261305778,0.5449313343617884
101.70639849298063,125.54418097366788,0.7642511600670328
160.87314150390392,53.92432447611035,-0.03456840147435152
442.0764252627118,394.3544773988023,0.24498289136856932
-24.083126193468075,190.7157844845151,0.5270714163455587
-0.021600843151768974,165.9792172264378,0.44544146667820783
285.86116268117456,307.78557202793564,0.6127912371837014
267.9232463792837,273.2856725318457,-0.21006097962397616
148.9550136146305,208.5213181405696,0.335451404769487
-16.91427921884257,164.92100699824084,0.9072100632873694
438.3073556398349,399.0656361178698,0.04447590678027903
332.9775809902329,313.8008900586987,0.46295120621886743
-18.101091653786924,125.58269529350953,0.43779548612217434
102.07782934221837,198.62864457669093,0.27357822485935324
58.67310602262906,156.4986639416011,0.14379230779219118
199.9117189323597,276.6843822624823,0.38872010340980834
46.69545264035862,76.69484100536717,-0.07727284008251234
114.34256548491454,116.89051459398615,-0.03630258909535283
94.4607416397749,187.70237964761643,0.09064675491866257
256.76397580257213,337.7713406763304,0.06845516680677463
162.31904189984664,67.45527261783562,0.5826891831098979
149.44985947046362,131.48090970993024,0.4955809094339173
84.86764994038589,227.20681742304507,-0.12539718299270672
130.14059762799658,205.31622545828105,0.344711814845628
60.55515730745576,243.68491039977846,0.9422541397849454
403.9385703634779,360.0930467752953,0.5510098670087237
151.61351122922403,54.76343259147418,0.01420891332437349
91.55634889694169,157.382630972721,0.9541665797304031
30.823743059786135,250.85466114067722,1.234143257774402
27.857783745668673,79.34611813898732,-0.018860123937951223
156.86556605127774,279.1182854569288,1.0474135685224097
39.31774889406169,161.82992880148274,0.4415306531005594
162.34838108239228,125.88070341112939,-0.25797225066673046
405.9960168902086,382.84542326691377,0.5999494388458784
23.0583930905512,81.47597680572777,0.3901134518458964
118.73680217015243,170.15256323801378,0.33315767357666287
97.06063474353309,218.30294740216385,0.6023550376078814
87.5974465292446,254.69703350563358,0.07269394256409568
232.72414908581766,120.32504285988968,0.5337846195120848
36.220330600309254,131.46162331549974,0.7735504748212483
187.69507734817475,230.03387357497854,0.4960841578511892
106.75249291567108,178.84961940288386,0.26216578573818544
210.80787779578316,252.6736848200671,0.49214050019948674
185.18522926712052,306.86383555081034,0.9491021647368048
48.12234573439555,115.21264476685393,0.6551459791074197
312.529811620788,194.16819120935398,0.28111583069784335
220.75372452681154,319.7757304425844,0.305137851045406
174.59915853699306,199.2492497150992,0.736757336587218
349.21641716531826,254.22582214281852,-0.12027927159144497
68.79117193179131,124.76482786851739,0.8370401868020907
88.81514275003829,74.57056525794198,0.6964040555442907
82.20514909754003,196.36846393127544,0.8743111985419941
364.3675918013633,363.9116806547957,0.32708973635809435
89.68922344440908,207.25406249193787,0.413424273620621
234.27597193424342,99.02976472664439,0.6110146182402225
48.17003727220937,246.17761978685954,0.1655570235023116
112.07173571838399,93.78200790490098,0.166612641470814
388.68738102249733,338.56771858016145,1.064446817912752
196.02868667333516,184.0730236879071,0.5225823602543763
161.10521317625515,234.44238044208535,0.8851634322273245
130.4917546543442,267.416311657909,0.29954183085851815
13.796883615236325,171.75284317920566,0.4610506710652691
132.92206758696977,153.64499494484636,0.18423342154882072
68.92015958894201,197.58821209510504,1.231034657672777
34.0416858462001,239.7166992980535,0.8199308237977805
19.489721166727,87.40246663095917,0.05696776165987744
255.3356688268892,216.35414786061662,0.7154542286290251
211.9165605320379,204.0257868060551,0.6608944642903638
116.09218212823245,256.162738359614,0.054148018198698744
259.413429632433,122.76674213690082,0.6426517426122166
137.61854487541785,43.20736111897507,0.03835070656091491
255.85983369514548,325.52903423974857,1.0278869498715755
313.66781475021287,199.28795372689908,0.23083438178751947
21.34840144011462,182.69043213762367,-0.005915913391592753
207.78817188081362,286.6607289409012,0.42600743748067615
229.2874305659123,175.33038197347696,-0.43548344442528353
1.5142546130253578,180.8473170547314,0.3406781299421182
425.728493765016,311.8421351683077,0.6326138677535246
140.64430799517,282.0184317879959,0.2543873296528204
136.95392739981386,248.183466141343,0.42317261798014855
379.49422856565036,390.7737849341237,0.30226548974257983
435.2228349469429,395.0764717333514,0.6874838208971846
14.495386399448225,179.66997639700435,0.29082609861469266
64.17095380605302,217.40687198464173,0.13817718942778398
67.22031886432627,83.28204548994987,0.16271197648763214
22.7249883987993,117.62564297265646,1.1363535827439122
71.68037411391298,155.2358353852905,1.531637497408362
19.98245967862337,167.4686784753195,1.167969262364969
203.14397100698903,186.5082229229795,0.6379506803661444
160.88323751249487,161.17482523405818,0.5383842345856813
364.1322755212943,255.22024879291067,0.4476164141357083
327.9654130220391,367.4306579616463,0.3678037717715863
272.09567069940334,168.67583092548765,0.3458966410377976
265.25559891163067,228.6917302014309,-0.13793010351134444
2.1837367930702722,188.1110514479228,-0.07191816724823122
222.9357370298936,299.41144231862114,0.7376579835196743
127.91445478096216,39.1073734285964,1.0378137778694245
197.3947671936806,191.64320803069177,-0.02766349891049938
24.281724719644686,99.67966501839224,0.6627112456641635
78.62047942388384,158.48033124404728,1.1793497715149144
358.19304406604726,303.10870776911673,-0.10768120812301596
416.9877074735896,293.3364510981495,-0.10612379869186703
463.01298573931166,320.1953333809437,0.6001915135158279
450.5386329691445,289.2474243590728,0.1262385268321399
185.64221603898184,159.25269218018008,0.04988988424212211
136.44652205848863,209.4793854245686,0.021379637291759457
316.2078911390469,219.71339802395164,0.21327271412634116
66.70262637465066,90.10994257354838,1.0020660874373704
41.257242006086656,111.82440230550479,0.9156670253598145
211.1875758400636,196.8893069814445,0.334697433689775
338.5434978834244,239.31916407599772,0.4263083614252275
-13.722095262133676,158.90032708539184,0.7171790688575689
238.99468552774903,106.24210372676355,0.772186133981724
145.66351681887915,283.89581808033876,0.29312926183933086
330.2230427268246,242.2541366611433,0.36649416289367276
158.23961161310908,289.2794674260528,1.1569046484900127
31.999442133276542,224.22575471847912,0.7661014199233127
381.0831313028349,327.9052171232836,-0.016793781941309815
246.88391524639638,167.82946292846435,0.4675604740834287
60.00182702551831,171.5011673122632,0.19391119506624693
234.7591513577098,115.43704368650387,0.29541924057703917
375.4054465164832,339.9132500735871,0.28927639839335206
241.5658622125833,97.90056980698448,0.8229165146130123
10.062719368634172,134.79625193972862,0.9126891092117526
171.01412900520103,301.3252642864226,0.14219493805139827
169.64267935064484,306.2184010165058,0.7594347886538505
-2.234229521761494,150.4672346432864,0.6457081810555245
141.8702945953152,175.28114561298727,0.4633324341226597
447.4839896988037,349.97321587858636,0.5336109559135988
326.2006471847638,269.1148162699473,0.6406377779159729
378.3070041601328,370.2422719400706,-0.1519547311435309
167.71938274602573,199.3085718334207,0.8111998447435059
298.6487701739985,207.74355226232893,0.13522340662592186
103.13481758977527,266.81846079290415,0.052230981472027954
-42.57145266929158,207.18668769039837,0.7438743236239632
423.6486873900115,361.89824214274273,0.42897087274386064
165.7853147476774,55.810814365370334,0.06354160543916038
-47.677621540020894,205.72951068835158,0.6951782945938301
73.47306555461233,105.02952398920173,1.4675453747449656
213.8074534391102,218.61774475217686,-0.41439032841546486
174.31628097454592,59.905776035552606,-0.15243417812366578
291.6590913138036,181.4352695554382,0.345117459914646
362.1680710739688,341.1472384736853,0.17664852867057634
302.3223129945868,199.842663998353,0.23420247603022867
139.70329608215218,218.20971455985313,-0.08353700353595356
178.0777545093647,304.4725347683564,1.016176474154689
-44.46694497426422,191.65727112743426,0.429602643035414
422.1491416815769,346.60458774660157,0.08166809035724293
-0.062314220760937636,115.1394961684199,0.3560064529131954
13.413152173045027,109.72613647714057,0.4577892155164728
264.7703428566754,183.080814331741,0.2190072521538929
101.34024762227769,246.77684386991743,0.8433584859598432
72.92150329120537,236.42476126818892,0.0011275472616100804
82.5084987836389,131.14191314168664,0.4256119109777502
131.1493664649176,252.24125870182195,0.09258095367541903
78.76772236239901,86.01169464162025,0.45038046574037477
316.42191945971086,208.30157380475853,0.02871920954069551
399.1100064063986,379.76291216832396,0.2719152339171669
109.38962801447609,136.35567817527266,0.1289139848301044
35.805488036442675,196.88287191047067,0.5961246033345127
42.46488540395891,85.83933178680552,0.4899520853795449
205.8685741952861,208.77821556503085,0.5108090013140398
446.48755486175327,321.23494883496215,-0.23842725665524797
88.272814449527,119.46203225376179,0.651117550238233
458.62891104582235,345.92667932981203,0.17944217472218937
74.79880031788271,65.29517151388976,-0.09717357736817367
360.6423728386411,382.1823902507217,0.6651977300283455
213.08013825240513,321.7857780635219,0.7038210723270549
43.39237430002342,134.66263745220004,0.3386432402031347
69.43816351410042,132.2710678271718,0.6901888325887079
392.1524403902821,311.931788949106,-0.11862810880885319
436.7901527057929,382.4357029202448,0.2944608207925222
55.28765995547956,191.34099652892172,0.40307608244483395
439.8459422192543,318.37292070707815,0.1859009179024239
53.07104574934484,96.06813197811326,0.7557828137674995
338.1552181778607,302.5443422669052,0.5077188714911642
251.69246546777285,123.63929528470447,0.09388059920150663
51.289337729591125,218.5312992568434,0.49104501905581144
392.2808340642705,383.8398528257615,0.33322876560977543
208.59613688808756,174.4211019556978,-0.048239311501573096
355.69103457635686,258.721309071108,0.008569979309096004
360.2093024977538,318.4462616434244,0.12951912560422196
179.73604057704708,220.39605248159296,0.34468711722194634
309.2572986200087,221.3310144864128,-0.3166406470141268
-38.97269440836131,218.0280325890678,0.24993216617938632
23.723160252564387,242.72683771262678,0.93204155119972
343.4173974874806,354.668302463164,0.8949493488108187
172.54265696168946,217.84318048642206,0.16274783411673363
4.023546832118897,139.65562767890356,0.9269417641645166
1.4563800233263866,103.7108066458029,0.7252116470296177
67.79783085359583,68.1658420045432,0.939735500944702
180.74494848877313,227.39946879244775,0.055262278110976525
432.6763397902551,314.75659436049625,0.5639888624501936
255.152120111456,225.5923298251855,0.362039869612724
326.2559811795218,361.46029499283065,0.2041759653819934
256.2014344636804,205.838073813956,-0.3909002219771414
315.0663534074197,334.4712915543284,0.229841257674752
329.3070722866786,275.61621832182686,0.19666853633302345
108.86065521800398,46.443499006334115,0.6196492611460638
416.08670653410127,271.9361127091329,0.3049310744961918
445.20142430300604,313.33589057256796,0.7899164909568456
405.88586555614114,310.02779792404607,0.8030253810409917
201.8350783814622,172.0523727538535,0.6108687798687474
144.8954626355839,271.4457363081326,0.2585860188239727
424.55821608580305,359.9100137742635,0.6031895470940595
117.52844087987992,271.18766229735263,0.4233126154043607
133.77960588405014,238.97926513950043,0.1703272267481647
-5.9873128646937746,170.76725668543415,1.3303486626160659
357.4416781009663,295.33131578010443,0.6342296893800211
198.56690837876428,316.65214432534685,0.4360895108396089
25.47397810971626,155.55963198802453,0.7808401723548132
245.30009296214467,125.94757073721307,0.21146149128739491
286.6893093128664,245.80711046748422,-0.057877346391432924
23.64573828870972,205.60962892513112,1.4330619885564342
440.150274668955,274.9056146587903,0.07872988997291065
208.34959107105692,230.48511318733784,0.4064739481183719
248.8883038537621,187.96628173437918,-0.12708974295701153
436.3250184894124,353.08003820278014,0.5928339515132096
80.14332356858597,57.81167476074984,0.1096035136546662
452.02864108067917,314.3315413856196,0.15551213207419567
10.097527416034858,141.5851945311713,0.6700225839915743
390.2003564347274,353.64746790751366,0.7444890667899139
261.86536237548495,328.1240273552362,0.3005370322296303
132.7977454917223,192.3745817278586,0.050302245315612656
324.7855795297111,295.2342016454182,0.3957207795982572
409.9858986793755,277.47282177003876,0.4081188727689816
260.7730857875312,199.14750057446136,0.09487763941614402
204.11537926453144,194.28000701366403,-0.22510505429606567
6.922989036478092,168.7675147488342,0.7408167290062926
63.746877872115725,209.6462042085379,0.41946448010248233
108.70396187000236,261.1499428239811,0.6055689814752342
237.78587464260383,113.7323326482012,0.21139805995309896
271.9214211353076,302.2033418174589,0.7842891832087306
67.6234222670821,182.48109481759965,0.5924740709211138
408.5663495043819,340.56998312108186,0.6565360373157371
369.54704317612976,286.44248539033686,0.404075399474265
429.68769461083434,400.0896286314621,0.7597779865814083
84.28646779796577,219.45008509741336,0.32394727707343673
-15.048870633589269,132.80553029437692,0.5242886164512507
158.76116224409856,151.6579418169033,0.03541360301506165
428.12971514154225,342.41365058216763,-0.10847188076786221
395.57934135647736,276.1039700357784,0.01985285010337809
-15.808560657395342,209.31817218644258,0.9736616641467887
90.97391532330639,149.698397624523,0.7316137108539175
-21.16265905131761,122.13099931630454,0.6684470305944638
174.57923536618281,308.06037784108844,0.8777099149997587
122.94274286284013,265.10834713855286,0.46508819816808383
163.3954479281872,256.56911640851763,0.34607160857065566
91.19569081166316,222.45667143183854,-0.1130984722245672
260.0391896043387,135.06970170744603,0.24470863063913345
219.5808653977965,269.81682265190057,0.7306047413053968
95.92846566901076,250.94394725394554,0.16815701429565383
227.69659866710364,152.8873408609515,-0.0058362920692677095
201.28451630051043,228.29404925965903,0.9392481441293747
9.731801547415476,199.2972832353123,0.5575067681144834
133.81024976162848,147.1692925864968,0.09107623914206328
437.1007673546343,360.8129170492461,0.20723339492207046
243.20163941219897,215.6800776323663,0.48434153702723026
104.5574385971051,83.06366931542144,1.072719247590135
132.54378818840854,160.76521333226214,-0.05754055322981446
125.04915192587823,92.5826174246525,0.677482768400223
-18.01539705651449,223.031876314933,1.5421504856444477
70.17427756796211,139.9294044349644,0.471363164032813
357.6311246118049,246.1526806144646,0.2219594659877092
396.9456828374219,356.8843816214373,-0.051226640412846636
66.60417733095058,101.24529663182798,0.5146015234525377
371.37253757228325,374.76518731343606,0.425785490819191
125.10817728192697,221.74232768833778,0.6235573604074472
178.49062896738303,268.9812343442636,-0.09658473409371636
338.5174604869772,352.0266349213905,0.17664996389818127
126.88308407903855,51.423374427479644,0.20391143799682715
-36.08805870450674,162.31299696937725,0.8400309129314625
401.30427410148184,279.41360592992675,0.29212273288984925
254.27980604344344,103.13908989207263,0.6852598599092203
45.77247489005516,230.55744650244796,0.28594919017576303
337.00120422632784,358.7884820542802,0.1887269251979976
181.22736425407476,235.1050913711681,0.4046857900262649
117.68668416156336,154.71556033671072,0.2682376782133062
158.24436770121082,295.6225666397315,0.6096678321589698
430.9394044664484,404.36070374515947,0.31563688736731
124.72316161897398,157.78164924945852,0.7951727745289366
-15.907056545922915,228.9888916635401,1.6170598388177577
83.99518697255664,146.5460290036332,0.6906424974189098
400.6827596085683,286.2411321003072,0.2736906593144453
167.95910456669176,154.38701340263415,0.7719851771226445
384.17020745558654,392.88972925697755,0.652128250995183
357.8560519084316,251.23252942506824,0.4068119449620283
283.462044123859,156.52539329258533,0.249249554569463
-22.63886527556197,206.19026741933027,0.27335939242830765
124.20326420433622,76.64654914712494,0.19037589539644179
281.1573017045389,202.8635830627399,-0.1824670862117719
86.94149729451908,176.6602653826767,0.7991720581140697
192.51800296825456,309.1991680203197,0.8553512170728321
132.20271023426344,275.08147797011026,0.6404223804232225
-29.290247348074693,173.3009070776794,0.6093409903931771
-25.15725021359196,153.11703633791777,0.7699412818815747
21.39401096550056,246.5372037383797,1.0279241315130503
156.99002981468314,261.3681704319092,0.437260715489697
306.8857093048837,190.5610045523591,0.05122601373577426
84.7293388553777,154.14134115931856,0.9774540822410647
308.97978339025224,338.56739776287867,0.6843986765130288
361.6241522908824,333.74539265235677,0.23705500247762284
272.40420277168084,239.6205282982527,0.5403439496722584
366.13287605056655,314.23758090936207,0.3143011173198134
-23.171730130174453,198.47967792372077,0.9124662360738971
294.46416339102166,229.38765415788274,0.3300066945084434
347.158120749077,370.9282228911767,0.54325050150909
194.27103007061206,118.9233111001935,0.4281166443425456
133.74996845311048,54.50003813979003,0.6447701132129713
404.4329146029504,302.36862996384184,0.799406172517487
440.51731271680893,389.49065667230593,0.7299046654440924
117.90999210829585,88.93408750320405,0.4053413200521414
445.0870323954342,383.3505407408084,0.01723049390730924
275.2403002352935,276.01134360393473,0.8798414885352612
2.797938112235461,131.89960517195067,0.36782922333579304
281.31217972697664,238.43498427070293,-0.22959922940405866
426.2594391717039,327.5158727715193,0.9216925248737567
139.96769642067505,135.36022225286376,0.20349797824003255
351.73685280812055,299.47125148501306,0.4956556250995491
356.3785301378202,345.6668756709131,0.3365326461201422
384.1602244207465,300.46432030049306,0.38246638022915147
-13.715088127354889,217.4330057517983,0.6787088545812386
72.28173251532263,162.92553778937827,0.6887232114396024
138.62374904133569,89.87146593841065,0.08672184131457962
106.53728797820881,105.72989731804095,0.6946741538600374
71.97622527176928,250.6699255519344,0.18748478869815677
103.59306776498372,213.80256434467557,0.1478017134807363
149.6723153770291,258.7462327816191,0.5254915106519957
26.74449059601484,170.75252683759507,0.21711571654851625
60.498492922805916,93.40073036555059,0.8515063996115545
130.6076927043753,80.59012627022885,0.3990914849684114
122.56094960745415,199.776262721581,0.2374757057999583
65.13869204320156,261.81382009748995,0.3790095438258887
99.32166019481701,167.82407836655628,0.8083011408294625
132.49201822944812,41.4426107051918,0.5556532459076207
6.8417355508253985,227.04474168133243,1.0231242077197138
-36.69944663603468,177.33582194084227,0.5638570462209229
241.00333132220848,133.57458339093517,-0.12900266102472704
369.9020395444623,351.96379123209283,-0.1422607289786002
466.1342606503208,347.11919923656376,0.8151077279777377
-36.32239885407648,169.91387757324432,1.2164292256241604
145.56310880189343,156.9796150537532,-0.1070261540238654
391.54375016098095,297.2948672850565,0.3446069997872564
